id;code_response;response_tr;end_point_tr;date_request;date_response;login_acteur;request_tr
1;revolutionize synergize;extend;SDD Buckinghamshire;2020-05-05T02:57:13;2020-05-04T10:57:23;parse Applications;../fake-data/blob/hipster.txt
2;Director;backing up;Place;2020-05-04T10:36:53;2020-05-04T16:07:24;Avon Checking Account;../fake-data/blob/hipster.txt
3;scale capacity circuit;Response Borders Montserrat;application;2020-05-04T14:52:35;2020-05-05T05:40:57;Boliviano Mvdol;../fake-data/blob/hipster.txt
4;Roads Producer;circuit utilisation Savings Account;deposit generate;2020-05-04T20:44:33;2020-05-04T21:02:33;Accounts AI Poland;../fake-data/blob/hipster.txt
5;Wooden Toys;Industrial;Chicken;2020-05-05T08:44:27;2020-05-05T07:44:51;Berkshire Barbados Dollar;../fake-data/blob/hipster.txt
6;microchip PCI payment;navigate;withdrawal Arizona vortals;2020-05-04T13:43:40;2020-05-04T11:43:01;Maryland;../fake-data/blob/hipster.txt
7;Handmade Unbranded Wooden Pizza;input demand-driven Highway;Angola Generic;2020-05-04T20:19:39;2020-05-04T15:03:21;Borders SAS;../fake-data/blob/hipster.txt
8;Chips Auto Loan Account CSS;matrix RSS View;Pennsylvania;2020-05-04T23:16:01;2020-05-04T11:58:15;input Bedfordshire Ergonomic;../fake-data/blob/hipster.txt
9;withdrawal Branding;Checking Account product;Stream;2020-05-05T03:04:15;2020-05-05T02:31:14;communities open-source;../fake-data/blob/hipster.txt
10;bus Keyboard;out-of-the-box silver Singapore Dollar;attitude-oriented;2020-05-04T10:56:55;2020-05-04T13:32:00;web services;../fake-data/blob/hipster.txt
