<?xml version="1.0" encoding="utf-8"?>
<databaseChangeLog
    xmlns="http://www.liquibase.org/xml/ns/dbchangelog"
    xmlns:ext="http://www.liquibase.org/xml/ns/dbchangelog-ext"
    xmlns:xsi="http://www.w3.org/2001/XMLSchema-instance"
    xsi:schemaLocation="http://www.liquibase.org/xml/ns/dbchangelog http://www.liquibase.org/xml/ns/dbchangelog/dbchangelog-3.9.xsd
                        http://www.liquibase.org/xml/ns/dbchangelog-ext http://www.liquibase.org/xml/ns/dbchangelog/dbchangelog-ext.xsd">

    
    <!--
        Added the entity Tracking.
    -->
    <changeSet id="20200505100636-1" author="jhipster">
        <createTable tableName="tracking">
            <column name="id" type="bigint">
                <constraints primaryKey="true" nullable="false"/>
            </column>
            <column name="code_response" type="varchar(255)">
                <constraints nullable="true" />
            </column>
            <column name="response_tr" type="varchar(255)">
                <constraints nullable="true" />
            </column>
            <column name="end_point_tr" type="varchar(255)">
                <constraints nullable="true" />
            </column>
            <column name="date_request" type="datetime">
                <constraints nullable="true" />
            </column>
            <column name="date_response" type="datetime">
                <constraints nullable="true" />
            </column>
            <column name="login_acteur" type="varchar(255)">
                <constraints nullable="true" />
            </column>
            <column name="request_tr" type="${clobType}">
                <constraints nullable="true" />
            </column>
            <!-- jhipster-needle-liquibase-add-column - JHipster will add columns here -->
        </createTable>
        <dropDefaultValue tableName="tracking" columnName="date_request" columnDataType="datetime"/>
        <dropDefaultValue tableName="tracking" columnName="date_response" columnDataType="datetime"/>
    </changeSet>

    <changeSet id="20200505100636-1-relations" author="jhipster">

    </changeSet>
    <!-- jhipster-needle-liquibase-add-changeset - JHipster will add changesets here -->

    <!--
        Load sample data generated with Faker.js
        - This data can be easily edited using a CSV editor (or even MS Excel) and
          is located in the 'src/main/resources/config/liquibase/fake-data' directory
        - By default this data is applied when running with the JHipster 'dev' profile.
          This can be customized by adding or removing 'faker' in the 'spring.liquibase.contexts'
          Spring Boot configuration key.
    -->
    <changeSet id="20200505100636-1-data" author="jhipster" context="faker">
        <loadData
                  file="config/liquibase/fake-data/tracking.csv"
                  separator=";"
                  tableName="tracking">
            <column name="id" type="numeric"/>
            <column name="code_response" type="string"/>
            <column name="response_tr" type="string"/>
            <column name="end_point_tr" type="string"/>
            <column name="date_request" type="datetime"/>
            <column name="date_response" type="datetime"/>
            <column name="login_acteur" type="string"/>
            <column name="request_tr" type="clob"/>
            <!-- jhipster-needle-liquibase-add-loadcolumn - JHipster (and/or extensions) can add load columns here -->
        </loadData>
    </changeSet>

</databaseChangeLog>
